,viruses/zeusbin_0007d213acc8f79cdca26922a89b13ee.ex0.obj.codes.2gram,viruses/zeusbin_000a10bb968d37acaf37adf02c283c69.ex0.obj.codes.2gram,viruses/zeusbin_001a1d5714890cf7459bd1bff933d66d.ex0.obj.codes.2gram,viruses/zeusbin_00240863a67bb6a001bf11aa87a1d76e.ex0.obj.codes.2gram,viruses/zeusbin_00316307ccc463f8f33705ca737ee0aa.ex0.obj.codes.2gram,viruses/zeusbin_0031f720e72378e3b296bdec306f455f.ex0.obj.codes.2gram,viruses/zeusbin_003638e5e37b0e8632091028f0eb93f7.ex0.obj.codes.2gram,viruses/zeusbin_0058e69caca82b347e18a936ed83bb16.ex0.obj.codes.2gram,viruses/zeusbin_0072ec3d530423696ee28d91942b7e00.ex0.obj.codes.2gram,viruses/zeusbin_009187c6b4221710917431cd6426bde8.ex0.obj.codes.2gram,viruses/zeusbin_0098319bfe124156dfe696fc013c824e.ex0.obj.codes.2gram,viruses/zeusbin_00a29b7607c5c2f57a802e78d28bb30a.ex0.obj.codes.2gram,viruses/zeusbin_00c0bbdd44807ef2a72cbe766144c8ec.ex0.obj.codes.2gram,viruses/zeusbin_00ccbfee974b790562c03e90126b10e8.ex0.obj.codes.2gram,viruses/zeusbin_00db699292b7f451718d91926f4eeee3.ex0.obj.codes.2gram,viruses/zeusbin_00de1e3e31fc5e36f64188a142bc5b55.ex0.obj.codes.2gram,viruses/zeusbin_011d839504328a86d019e43a34843019.ex0.obj.codes.2gram,viruses/zeusbin_012c9e0b967f74802531a9fd3e967214.ex0.obj.codes.2gram,viruses/zeusbin_014dbfe1c4ee3397747f307f3722e1e8.ex0.obj.codes.2gram,viruses/zeusbin_01513dd543b51cf9e94c88044f894d14.ex0.obj.codes.2gram,viruses_extra/CrawlerSetup-PTS.exe.obj.codes.2gram,viruses_extra/FilmSetup.exe.obj.codes.2gram,viruses_extra/PublicTransitSetup.exe.obj.codes.2gram,benign/calc.exe.obj.codes.2gram,benign/cards.dll.obj.codes.2gram,benign/EMSABP32.DLL.obj.codes.2gram,benign/engine_x86.dll.obj.codes.2gram,benign/freecell.exe.obj.codes.2gram,benign/FXSEXT32.dll.obj.codes.2gram,benign/mshearts.exe.obj.codes.2gram,benign/mshearts.real.exe.obj.codes.2gram,benign/mspaint.exe.obj.codes.2gram,benign/PINBALL.EXE.obj.codes.2gram,benign/Run32.dll.obj.codes.2gram,benign/sndrec32.exe.obj.codes.2gram,benign/sol.exe.obj.codes.2gram,benign/spider.exe.obj.codes.2gram,benign/system86.dll.obj.codes.2gram,benign/winmine.exe.obj.codes.2gram
viruses/zeusbin_0007d213acc8f79cdca26922a89b13ee.ex0.obj.codes.2gram,1.0,0.2325957844004232,0.37726188955146667,0.3466351409890851,0.03672939228375751,0.12368710914571056,0.30747313227493894,0.4107234423535218,0.3986771686485064,0.18127275462131212,0.35937856456376277,0.37303873845336105,0.03829148175344382,0.13184856039323012,0.37815317169663787,0.43218775323859737,0.16070233810117693,0.3244202365315377,0.29494622743567195,0.2159309105451433,0.4559332381493522,0.4559332381493522,0.4559332381493522,0.45655556649948026,0.28579364169522126,0.4499249993945883,0.4039577875202835,0.32144108573274055,0.32434242492388105,0.3288871906870063,0.32939071639377254,0.2471602022268598,0.3547051663883397,0.16171758068047368,0.35003631339356195,0.36977796911646527,0.37632488319284896,0.49704722958651404,0.2975302411991873
viruses/zeusbin_000a10bb968d37acaf37adf02c283c69.ex0.obj.codes.2gram,0.2325957844004232,1.0,0.809470995250951,0.21053736541256937,0.6662605808755598,0.7245530485334162,0.8653972999123005,0.23709167423631794,0.6573299713941825,0.90132019601037,0.24063303612699563,0.8095998742880165,0.6666055831675527,0.8294095021316464,0.8086390029841036,0.2091501174963758,0.9384526935647356,0.1555523669915721,0.8702185894039194,0.8183099285283332,0.3944882752832993,0.3944882752832993,0.3944882752832993,0.20140417659253815,0.39933319568377035,0.2877152094416465,0.21372885921875354,0.3252429178424335,0.3806656103617767,0.5765634075561147,0.5763122715275972,0.37787464164624657,0.21186063317635048,0.08215043186830766,0.2974516511682377,0.2539996193211945,0.33538205196125354,0.22508177602059812,0.33028686493076514
viruses/zeusbin_001a1d5714890cf7459bd1bff933d66d.ex0.obj.codes.2gram,0.37726188955146667,0.809470995250951,1.0,0.3197399750987948,0.42404830559908974,0.5136316128367795,0.8030937815114569,0.3809725603946244,0.7744615950254011,0.7044749504319013,0.3595661601535874,0.9961406261891427,0.42510022286667226,0.6262140577863833,0.9999098850390616,0.36426499285972525,0.7209842006365663,0.29402525226170306,0.8045501124384337,0.6632278116217795,0.4890238519879629,0.4890238519879629,0.4890238519879629,0.3131778591400406,0.40521090086737904,0.41692151259297505,0.34759993433100034,0.38959002404648657,0.42724488925539544,0.5686323559812156,0.5684858806586075,0.39937388661907014,0.34362302002444184,0.14913350431759956,0.3897058335863339,0.3654802009301275,0.42933308608322757,0.38488762550782624,0.3945728669969033
viruses/zeusbin_00240863a67bb6a001bf11aa87a1d76e.ex0.obj.codes.2gram,0.3466351409890851,0.21053736541256937,0.3197399750987948,1.0,0.04317810993145243,0.06903859535631114,0.24086006935413953,0.6413540730133016,0.3547199510735121,0.18709811565706994,0.41273665198493054,0.3192996059315073,0.04626361875526278,0.2218057497673672,0.3199542753303319,0.5659595576217246,0.15299700552032008,0.4316457347646187,0.239753551562108,0.3193082436134446,0.5170683423418135,0.5170683423418135,0.5170683423418135,0.5223307456177495,0.29682990423562255,0.5589432260746348,0.8363599526181108,0.3410036441161631,0.6003822605010495,0.3739175724726706,0.37422475728885235,0.7063106755768239,0.7018844140697418,0.1713527077440286,0.7063769392317227,0.4016868751528623,0.6959739080155924,0.5834409211273937,0.32840334367611657
viruses/zeusbin_00316307ccc463f8f33705ca737ee0aa.ex0.obj.codes.2gram,0.03672939228375751,0.6662605808755598,0.42404830559908974,0.04317810993145243,1.0,0.7351069272386036,0.7088211651637324,0.06151270691242495,0.21643970460332607,0.8017207408384815,0.06225304487407314,0.42739992143817734,0.9999792555851131,0.9265713064133969,0.42365732736222295,0.044468682424444385,0.82962012374686,0.03213850461308501,0.712113533999661,0.8755272789041253,0.23554460933553978,0.23554460933553978,0.23554460933553978,0.08651409973580781,0.3497734422000041,0.1239784390674813,0.0635905409028659,0.2125310976638312,0.3143471704155556,0.5351773393999771,0.5351484091414389,0.35557263505915704,0.08986563862998974,0.01253425330951405,0.2038245650257017,0.12075949780004189,0.23660577107890662,0.038947527452598725,0.21921335012751528
viruses/zeusbin_0031f720e72378e3b296bdec306f455f.ex0.obj.codes.2gram,0.12368710914571056,0.7245530485334162,0.5136316128367795,0.06903859535631114,0.7351069272386036,1.0,0.6744520203244693,0.10042967455280825,0.36653842827658917,0.7866630311969658,0.1584751350939139,0.5244022733407748,0.7351465704406868,0.755353900048155,0.5132267216018095,0.09794087455668742,0.7721661336312085,0.06743941498845261,0.6878808289133651,0.7265215279357159,0.3083896978888913,0.3083896978888913,0.3083896978888913,0.13327360775609745,0.39339853051939555,0.15902224707312324,0.10074673110377008,0.24673679875784937,0.3154361317784732,0.4879898997712949,0.4875684507342414,0.3138207550579895,0.12268510946804843,0.022946420216622365,0.2176879499842192,0.16667898783644755,0.24311440097966278,0.09593968192775375,0.2706833504958857
viruses/zeusbin_003638e5e37b0e8632091028f0eb93f7.ex0.obj.codes.2gram,0.30747313227493894,0.8653972999123005,0.8030937815114569,0.24086006935413953,0.7088211651637324,0.6744520203244693,1.0,0.2985281424961237,0.6745114000088852,0.8585581898662407,0.2880338347352074,0.802221869835569,0.7095404236227295,0.8325268752177933,0.8026755180776404,0.28093090634267015,0.8773374170033382,0.2252425363745948,0.991904602420467,0.8380035103744539,0.45513628083686997,0.45513628083686997,0.45513628083686997,0.2583249582800618,0.4439625350881544,0.3530649901281432,0.2727304627679753,0.37538399118957866,0.4404481222514837,0.6325863527762289,0.6322265844575279,0.43137257041237975,0.2809877471603672,0.11605076189604523,0.3630476970702405,0.3190013416288584,0.40633473476558246,0.294867126078054,0.3853693843133478
viruses/zeusbin_0058e69caca82b347e18a936ed83bb16.ex0.obj.codes.2gram,0.4107234423535218,0.23709167423631794,0.3809725603946244,0.6413540730133016,0.06151270691242495,0.10042967455280825,0.2985281424961237,1.0,0.40777550490116027,0.24659551293869875,0.7011112535313352,0.3784347620559728,0.06614064941904457,0.22547025982950084,0.3814245523186644,0.9136530513888118,0.1765296462178922,0.8805327680808562,0.29792294422807913,0.40404278228283647,0.7662422997711741,0.7662422997711741,0.7662422997711741,0.6957351521527185,0.7167764254283451,0.8932493561703326,0.7891441230023575,0.868256031219963,0.8472175570812831,0.7179742907340931,0.7182751421024215,0.6904465200638643,0.8989421476814293,0.5923510314351585,0.8999958532389314,0.9005512664723063,0.8959825458928418,0.8715984601408843,0.843848961379543
viruses/zeusbin_0072ec3d530423696ee28d91942b7e00.ex0.obj.codes.2gram,0.3986771686485064,0.6573299713941825,0.7744615950254011,0.3547199510735121,0.21643970460332607,0.36653842827658917,0.6745114000088852,0.40777550490116027,1.0,0.5435619725988643,0.38905892136271764,0.7718831466665269,0.21773872066216737,0.430002633838011,0.7745900216122478,0.39677352202991206,0.5438693726034172,0.32326299685100207,0.6768872481275849,0.4867174330790761,0.4841333669512082,0.4841333669512082,0.4841333669512082,0.327813626907072,0.3629675999790763,0.43345364740461456,0.379069981711623,0.3900006086504653,0.4117196273881035,0.48512810551567687,0.48486766373789664,0.36438892569751,0.37398155469132327,0.16687161001719866,0.39592586899777055,0.38100860245363155,0.4270707387549515,0.41901426794589697,0.3893916048423518
viruses/zeusbin_009187c6b4221710917431cd6426bde8.ex0.obj.codes.2gram,0.18127275462131212,0.90132019601037,0.7044749504319013,0.18709811565706994,0.8017207408384815,0.7866630311969658,0.8585581898662407,0.24659551293869875,0.5435619725988643,1.0,0.2514706581060735,0.7101503878537537,0.8022641271197964,0.9204983431138632,0.703640722273666,0.2197166187827701,0.9385949674519539,0.18382911243132066,0.8672922677156775,0.9063917240557364,0.42689049224303244,0.42689049224303244,0.42689049224303244,0.19633555306872627,0.45727425630395707,0.29110255595157625,0.21385147664680554,0.36680828436919666,0.44045148300164316,0.6392903985349722,0.6391244398799226,0.4300385874707065,0.23239977328732356,0.11826400139296207,0.3342433126685582,0.2829590885651299,0.3737225531208449,0.2134355912381609,0.3812940722952862
viruses/zeusbin_0098319bfe124156dfe696fc013c824e.ex0.obj.codes.2gram,0.35937856456376277,0.24063303612699563,0.3595661601535874,0.41273665198493054,0.06225304487407314,0.1584751350939139,0.2880338347352074,0.7011112535313352,0.38905892136271764,0.2514706581060735,1.0,0.36895241807395995,0.06584367849763272,0.17144883305251762,0.3600755786071144,0.6855365910333969,0.1787916498078168,0.6733570042930255,0.30064237297405483,0.3153081713407309,0.7847296437755342,0.7847296437755342,0.7847296437755342,0.5153077945373343,0.46822608841180113,0.7572186715014452,0.5742265973165662,0.6411946523521764,0.5872014297385122,0.5922700530369752,0.5920202916243258,0.43213106031159165,0.6219623773711023,0.5142467759651365,0.5948184264407157,0.7242630661951495,0.6278816506721484,0.7195605588772178,0.6938569677966043
viruses/zeusbin_00a29b7607c5c2f57a802e78d28bb30a.ex0.obj.codes.2gram,0.37303873845336105,0.8095998742880165,0.9961406261891427,0.3192996059315073,0.42739992143817734,0.5244022733407748,0.802221869835569,0.3784347620559728,0.7718831466665269,0.7101503878537537,0.36895241807395995,1.0,0.42857299807302623,0.6273616215515866,0.9961602910590468,0.3603052977761451,0.7216548563773139,0.2906806196573699,0.8082671218347377,0.6640617869543118,0.49607542634535,0.49607542634535,0.49607542634535,0.30952124524576907,0.4041699129727828,0.4129084099281301,0.34454038114450153,0.3877711230536886,0.42795072324647454,0.575084715622849,0.5749023506438121,0.3991917098678551,0.3409873297809841,0.1642484065286884,0.3879577065394001,0.36296655937009165,0.42728949021980445,0.3817691437203692,0.3952996283558664
viruses/zeusbin_00c0bbdd44807ef2a72cbe766144c8ec.ex0.obj.codes.2gram,0.03829148175344382,0.6666055831675527,0.42510022286667226,0.04626361875526278,0.9999792555851131,0.7351465704406868,0.7095404236227295,0.06614064941904457,0.21773872066216737,0.8022641271197964,0.06584367849763272,0.42857299807302623,1.0,0.9270507634484744,0.42471542845097104,0.04842402130011844,0.8297566011645747,0.036866690650043936,0.7128906508632887,0.8768786068357544,0.23877457384779976,0.23877457384779976,0.23877457384779976,0.0890256080562082,0.35264330641488106,0.12876528980000781,0.06691822553559491,0.21693065091379396,0.31828981296768294,0.5383549873941386,0.538327799622523,0.35849134355696266,0.0943104401735325,0.017682272098560815,0.2080000753159776,0.12558220403391018,0.24067658942223263,0.04253742846889813,0.22383946971167598
viruses/zeusbin_00ccbfee974b790562c03e90126b10e8.ex0.obj.codes.2gram,0.13184856039323012,0.8294095021316464,0.6262140577863833,0.2218057497673672,0.9265713064133969,0.755353900048155,0.8325268752177933,0.22547025982950084,0.430002633838011,0.9204983431138632,0.17144883305251762,0.6273616215515866,0.9270507634484744,1.0,0.625601382221998,0.1948965677667374,0.927704685599066,0.15238199045824402,0.8352886439717895,0.9725596771828576,0.361195543637169,0.361195543637169,0.361195543637169,0.17187990876708392,0.4309987149286849,0.24506822213377455,0.24808724115052583,0.3190186815471707,0.46762570721875735,0.6369832588716082,0.6368767604967183,0.5246410468959731,0.25529814950059215,0.0764885700829241,0.37422279939424435,0.2313183611441877,0.4081482439303455,0.17395172132910797,0.3249006905504294
viruses/zeusbin_00db699292b7f451718d91926f4eeee3.ex0.obj.codes.2gram,0.37815317169663787,0.8086390029841036,0.9999098850390616,0.3199542753303319,0.42365732736222295,0.5132267216018095,0.8026755180776404,0.3814245523186644,0.7745900216122478,0.703640722273666,0.3600755786071144,0.9961602910590468,0.42471542845097104,0.625601382221998,1.0,0.3649234267970349,0.7201932007648245,0.29438351183019296,0.8041528918965031,0.6627985222566893,0.48952200445788435,0.48952200445788435,0.48952200445788435,0.31405039979464,0.4054810602528505,0.41757761116832487,0.34804023548354107,0.3898953732828474,0.4276556041321727,0.5685378423062043,0.5683825507298382,0.39928456947032315,0.3439759704890434,0.15003363915986107,0.38997249893724467,0.36613341954681494,0.42973403023295365,0.38597011632038397,0.3948038274373673
viruses/zeusbin_00de1e3e31fc5e36f64188a142bc5b55.ex0.obj.codes.2gram,0.43218775323859737,0.2091501174963758,0.36426499285972525,0.5659595576217246,0.044468682424444385,0.09794087455668742,0.28093090634267015,0.9136530513888118,0.39677352202991206,0.2197166187827701,0.6855365910333969,0.3603052977761451,0.04842402130011844,0.1948965677667374,0.3649234267970349,1.0,0.14361036705844663,0.8829433108974118,0.28001652353752865,0.388820664021779,0.7950332122099211,0.7950332122099211,0.7950332122099211,0.6788680462461705,0.6362799348342733,0.8640720475396111,0.7520422822326946,0.7830278193482434,0.7602776856231577,0.6890528671796602,0.689279597262032,0.6007350911133084,0.828287672474403,0.5100943174144584,0.8202781568571088,0.8178343372607301,0.8113156824055259,0.9031878294126895,0.7618888086213828
viruses/zeusbin_011d839504328a86d019e43a34843019.ex0.obj.codes.2gram,0.16070233810117693,0.9384526935647356,0.7209842006365663,0.15299700552032008,0.82962012374686,0.7721661336312085,0.8773374170033382,0.1765296462178922,0.5438693726034172,0.9385949674519539,0.1787916498078168,0.7216548563773139,0.8297566011645747,0.927704685599066,0.7201932007648245,0.14361036705844663,1.0,0.10783257684937739,0.8823820588519349,0.8964047341273207,0.34303759779746223,0.34303759779746223,0.34303759779746223,0.14515783906467009,0.3998768342873013,0.22808699077862152,0.1514794098278117,0.30030085549635266,0.3695537917393355,0.5944043395143913,0.5941924108923807,0.38166347682830004,0.1611842533343785,0.06170796636809093,0.26398976111361194,0.2122021099352135,0.305566607807819,0.14761441535025377,0.30595865221736906
viruses/zeusbin_012c9e0b967f74802531a9fd3e967214.ex0.obj.codes.2gram,0.3244202365315377,0.1555523669915721,0.29402525226170306,0.4316457347646187,0.03213850461308501,0.06743941498845261,0.2252425363745948,0.8805327680808562,0.32326299685100207,0.18382911243132066,0.6733570042930255,0.2906806196573699,0.036866690650043936,0.15238199045824402,0.29438351183019296,0.8829433108974118,0.10783257684937739,1.0,0.2245664173262018,0.32623368573220857,0.7061172474717847,0.7061172474717847,0.7061172474717847,0.5428291481319114,0.6337346248706162,0.8279243673385516,0.6206223173901337,0.8687749702852223,0.721261387396984,0.6900111974706304,0.6901326921416419,0.5554777307084648,0.8074454066447194,0.6643543799406403,0.7784319384935765,0.868068555358108,0.7684450322702115,0.7728726296699123,0.8762637315273245
viruses/zeusbin_014dbfe1c4ee3397747f307f3722e1e8.ex0.obj.codes.2gram,0.29494622743567195,0.8702185894039194,0.8045501124384337,0.239753551562108,0.712113533999661,0.6878808289133651,0.991904602420467,0.29792294422807913,0.6768872481275849,0.8672922677156775,0.30064237297405483,0.8082671218347377,0.7128906508632887,0.8352886439717895,0.8041528918965031,0.28001652353752865,0.8823820588519349,0.2245664173262018,1.0,0.840807479300147,0.4651691202679315,0.4651691202679315,0.4651691202679315,0.2572196941683423,0.44530756061629845,0.3524103609091325,0.2700450226622431,0.3763301884120809,0.4423066133627219,0.6384585897966678,0.6380734255657452,0.4306429335651354,0.2798361938857099,0.12295221282951117,0.3623168006286981,0.3191919936067354,0.40529058932714723,0.29383146981524394,0.38909374386087553
viruses/zeusbin_01513dd543b51cf9e94c88044f894d14.ex0.obj.codes.2gram,0.2159309105451433,0.8183099285283332,0.6632278116217795,0.3193082436134446,0.8755272789041253,0.7265215279357159,0.8380035103744539,0.40404278228283647,0.4867174330790761,0.9063917240557364,0.3153081713407309,0.6640617869543118,0.8768786068357544,0.9725596771828576,0.6627985222566893,0.388820664021779,0.8964047341273207,0.32623368573220857,0.840807479300147,1.0,0.5190272348399734,0.5190272348399734,0.5190272348399734,0.31348057544801455,0.5425395417446743,0.4239518683536046,0.3901226490276543,0.46916345130936205,0.6004368312316154,0.7555703113084125,0.7554859152906915,0.6127228818665075,0.4101958106210682,0.19896140690016625,0.5201816829513605,0.399850851042775,0.5569055925638202,0.3584063842831736,0.47241383236149764
viruses_extra/CrawlerSetup-PTS.exe.obj.codes.2gram,0.4559332381493522,0.3944882752832993,0.4890238519879629,0.5170683423418135,0.23554460933553978,0.3083896978888913,0.45513628083686997,0.7662422997711741,0.4841333669512082,0.42689049224303244,0.7847296437755342,0.49607542634535,0.23877457384779976,0.361195543637169,0.48952200445788435,0.7950332122099211,0.34303759779746223,0.7061172474717847,0.4651691202679315,0.5190272348399734,1.0,1.0,1.0,0.7103785270092818,0.5867747061117548,0.8421755679320261,0.7221467581836093,0.6717012476811542,0.6662419650519671,0.7851305877082908,0.7848449678257257,0.5676646067938945,0.6852850257737213,0.4140760297952954,0.685554784832836,0.7292615469212279,0.7361134954441544,0.842757751117857,0.6980389291523728
viruses_extra/FilmSetup.exe.obj.codes.2gram,0.4559332381493522,0.3944882752832993,0.4890238519879629,0.5170683423418135,0.23554460933553978,0.3083896978888913,0.45513628083686997,0.7662422997711741,0.4841333669512082,0.42689049224303244,0.7847296437755342,0.49607542634535,0.23877457384779976,0.361195543637169,0.48952200445788435,0.7950332122099211,0.34303759779746223,0.7061172474717847,0.4651691202679315,0.5190272348399734,1.0,1.0,1.0,0.7103785270092818,0.5867747061117548,0.8421755679320261,0.7221467581836093,0.6717012476811542,0.6662419650519671,0.7851305877082908,0.7848449678257257,0.5676646067938945,0.6852850257737213,0.4140760297952954,0.685554784832836,0.7292615469212279,0.7361134954441544,0.842757751117857,0.6980389291523728
viruses_extra/PublicTransitSetup.exe.obj.codes.2gram,0.4559332381493522,0.3944882752832993,0.4890238519879629,0.5170683423418135,0.23554460933553978,0.3083896978888913,0.45513628083686997,0.7662422997711741,0.4841333669512082,0.42689049224303244,0.7847296437755342,0.49607542634535,0.23877457384779976,0.361195543637169,0.48952200445788435,0.7950332122099211,0.34303759779746223,0.7061172474717847,0.4651691202679315,0.5190272348399734,1.0,1.0,1.0,0.7103785270092818,0.5867747061117548,0.8421755679320261,0.7221467581836093,0.6717012476811542,0.6662419650519671,0.7851305877082908,0.7848449678257257,0.5676646067938945,0.6852850257737213,0.4140760297952954,0.685554784832836,0.7292615469212279,0.7361134954441544,0.842757751117857,0.6980389291523728
benign/calc.exe.obj.codes.2gram,0.45655556649948026,0.20140417659253815,0.3131778591400406,0.5223307456177495,0.08651409973580781,0.13327360775609745,0.2583249582800618,0.6957351521527185,0.327813626907072,0.19633555306872627,0.5153077945373343,0.30952124524576907,0.0890256080562082,0.17187990876708392,0.31405039979464,0.6788680462461705,0.14515783906467009,0.5428291481319114,0.2572196941683423,0.31348057544801455,0.7103785270092818,0.7103785270092818,0.7103785270092818,1.0,0.5370939591347857,0.6983547468913471,0.6705680512690285,0.5321634040891863,0.509870012321637,0.546345635387709,0.5458722191562324,0.43554738242514485,0.5808325125069722,0.23152757708282753,0.57659465061091,0.580467349759056,0.6118072676978665,0.7718249974830652,0.4652720815610814
benign/cards.dll.obj.codes.2gram,0.28579364169522126,0.39933319568377035,0.40521090086737904,0.29682990423562255,0.3497734422000041,0.39339853051939555,0.4439625350881544,0.7167764254283451,0.3629675999790763,0.45727425630395707,0.46822608841180113,0.4041699129727828,0.35264330641488106,0.4309987149286849,0.4054810602528505,0.6362799348342733,0.3998768342873013,0.6337346248706162,0.44530756061629845,0.5425395417446743,0.5867747061117548,0.5867747061117548,0.5867747061117548,0.5370939591347857,1.0,0.5963428862941172,0.4233132847074313,0.8391693710940834,0.718104217107466,0.7712690705641158,0.7707759763487452,0.5470520196597464,0.6033886307404996,0.4273628258299003,0.6799529859219742,0.7396978409025387,0.7115401519458943,0.5947263037508417,0.7715091828428062
benign/EMSABP32.DLL.obj.codes.2gram,0.4499249993945883,0.2877152094416465,0.41692151259297505,0.5589432260746348,0.1239784390674813,0.15902224707312324,0.3530649901281432,0.8932493561703326,0.43345364740461456,0.29110255595157625,0.7572186715014452,0.4129084099281301,0.12876528980000781,0.24506822213377455,0.41757761116832487,0.8640720475396111,0.22808699077862152,0.8279243673385516,0.3524103609091325,0.4239518683536046,0.8421755679320261,0.8421755679320261,0.8421755679320261,0.6983547468913471,0.5963428862941172,1.0,0.7367605474872493,0.7794195233956005,0.7255865484403464,0.7002614962151965,0.7006942769099169,0.5345360161883904,0.8017025407474749,0.6392466675837601,0.768265112635871,0.8658191535963644,0.7812704574276361,0.8847431511029421,0.7956602023033579
benign/engine_x86.dll.obj.codes.2gram,0.4039577875202835,0.21372885921875354,0.34759993433100034,0.8363599526181108,0.0635905409028659,0.10074673110377008,0.2727304627679753,0.7891441230023575,0.379069981711623,0.21385147664680554,0.5742265973165662,0.34454038114450153,0.06691822553559491,0.24808724115052583,0.34804023548354107,0.7520422822326946,0.1514794098278117,0.6206223173901337,0.2700450226622431,0.3901226490276543,0.7221467581836093,0.7221467581836093,0.7221467581836093,0.6705680512690285,0.4233132847074313,0.7367605474872493,1.0,0.5007351004100218,0.7559428743558597,0.5353390031793467,0.5353862165203029,0.8325971778564809,0.8612081190732546,0.3080882772120101,0.8618081644487381,0.5777090802854135,0.8641654735617839,0.7665385737963682,0.4993248154392053
benign/freecell.exe.obj.codes.2gram,0.32144108573274055,0.3252429178424335,0.38959002404648657,0.3410036441161631,0.2125310976638312,0.24673679875784937,0.37538399118957866,0.868256031219963,0.3900006086504653,0.36680828436919666,0.6411946523521764,0.3877711230536886,0.21693065091379396,0.3190186815471707,0.3898953732828474,0.7830278193482434,0.30030085549635266,0.8687749702852223,0.3763301884120809,0.46916345130936205,0.6717012476811542,0.6717012476811542,0.6717012476811542,0.5321634040891863,0.8391693710940834,0.7794195233956005,0.5007351004100218,1.0,0.8041387662197272,0.7921837806995886,0.7921509370516188,0.5536363676465976,0.7508235739512282,0.6801376820717288,0.7798130475752063,0.9409660826312662,0.79256199591462,0.7210085283884708,0.9607959170762265
benign/FXSEXT32.dll.obj.codes.2gram,0.32434242492388105,0.3806656103617767,0.42724488925539544,0.6003822605010495,0.3143471704155556,0.3154361317784732,0.4404481222514837,0.8472175570812831,0.4117196273881035,0.44045148300164316,0.5872014297385122,0.42795072324647454,0.31828981296768294,0.46762570721875735,0.4276556041321727,0.7602776856231577,0.3695537917393355,0.721261387396984,0.4423066133627219,0.6004368312316154,0.6662419650519671,0.6662419650519671,0.6662419650519671,0.509870012321637,0.718104217107466,0.7255865484403464,0.7559428743558597,0.8041387662197272,1.0,0.7378457601254078,0.737794562023587,0.8568602732929159,0.8598290898693418,0.5320670262778507,0.9386699009725358,0.7958671862542314,0.9382501855965578,0.7004407800793739,0.7899474154726005
benign/mshearts.exe.obj.codes.2gram,0.3288871906870063,0.5765634075561147,0.5686323559812156,0.3739175724726706,0.5351773393999771,0.4879898997712949,0.6325863527762289,0.7179742907340931,0.48512810551567687,0.6392903985349722,0.5922700530369752,0.575084715622849,0.5383549873941386,0.6369832588716082,0.5685378423062043,0.6890528671796602,0.5944043395143913,0.6900111974706304,0.6384585897966678,0.7555703113084125,0.7851305877082908,0.7851305877082908,0.7851305877082908,0.546345635387709,0.7712690705641158,0.7002614962151965,0.5353390031793467,0.7921837806995886,0.7378457601254078,1.0,0.9994692709470924,0.6544223135886084,0.63480277455853,0.46862158839463425,0.6981032894638257,0.7370772418136147,0.7504826160838819,0.6582231949620332,0.7834493071101951
benign/mshearts.real.exe.obj.codes.2gram,0.32939071639377254,0.5763122715275972,0.5684858806586075,0.37422475728885235,0.5351484091414389,0.4875684507342414,0.6322265844575279,0.7182751421024215,0.48486766373789664,0.6391244398799226,0.5920202916243258,0.5749023506438121,0.538327799622523,0.6368767604967183,0.5683825507298382,0.689279597262032,0.5941924108923807,0.6901326921416419,0.6380734255657452,0.7554859152906915,0.7848449678257257,0.7848449678257257,0.7848449678257257,0.5458722191562324,0.7707759763487452,0.7006942769099169,0.5353862165203029,0.7921509370516188,0.737794562023587,0.9994692709470924,1.0,0.6545720620957663,0.6353827872594487,0.4683013356210117,0.6985120763544473,0.7369282308529603,0.7506594440747156,0.6581247297944508,0.7832643483561004
benign/mspaint.exe.obj.codes.2gram,0.2471602022268598,0.37787464164624657,0.39937388661907014,0.7063106755768239,0.35557263505915704,0.3138207550579895,0.43137257041237975,0.6904465200638643,0.36438892569751,0.4300385874707065,0.43213106031159165,0.3991917098678551,0.35849134355696266,0.5246410468959731,0.39928456947032315,0.6007350911133084,0.38166347682830004,0.5554777307084648,0.4306429335651354,0.6127228818665075,0.5676646067938945,0.5676646067938945,0.5676646067938945,0.43554738242514485,0.5470520196597464,0.5345360161883904,0.8325971778564809,0.5536363676465976,0.8568602732929159,0.6544223135886084,0.6545720620957663,1.0,0.820306447023086,0.293972782223927,0.9038744395309515,0.5292591127632322,0.900061829328377,0.5285029190186323,0.5472254232518499
benign/PINBALL.EXE.obj.codes.2gram,0.3547051663883397,0.21186063317635048,0.34362302002444184,0.7018844140697418,0.08986563862998974,0.12268510946804843,0.2809877471603672,0.8989421476814293,0.37398155469132327,0.23239977328732356,0.6219623773711023,0.3409873297809841,0.0943104401735325,0.25529814950059215,0.3439759704890434,0.828287672474403,0.1611842533343785,0.8074454066447194,0.2798361938857099,0.4101958106210682,0.6852850257737213,0.6852850257737213,0.6852850257737213,0.5808325125069722,0.6033886307404996,0.8017025407474749,0.8612081190732546,0.7508235739512282,0.8598290898693418,0.63480277455853,0.6353827872594487,0.820306447023086,1.0,0.5149802200792543,0.9489876748863868,0.7751868531118195,0.9265921371682939,0.7568311701582664,0.7459998819556737
benign/Run32.dll.obj.codes.2gram,0.16171758068047368,0.08215043186830766,0.14913350431759956,0.1713527077440286,0.01253425330951405,0.022946420216622365,0.11605076189604523,0.5923510314351585,0.16687161001719866,0.11826400139296207,0.5142467759651365,0.1642484065286884,0.017682272098560815,0.0764885700829241,0.15003363915986107,0.5100943174144584,0.06170796636809093,0.6643543799406403,0.12295221282951117,0.19896140690016625,0.4140760297952954,0.4140760297952954,0.4140760297952954,0.23152757708282753,0.4273628258299003,0.6392466675837601,0.3080882772120101,0.6801376820717288,0.5320670262778507,0.46862158839463425,0.4683013356210117,0.293972782223927,0.5149802200792543,1.0,0.4943816613772207,0.7410000786780586,0.5125298096466848,0.4815877716970647,0.7317650384711458
benign/sndrec32.exe.obj.codes.2gram,0.35003631339356195,0.2974516511682377,0.3897058335863339,0.7063769392317227,0.2038245650257017,0.2176879499842192,0.3630476970702405,0.8999958532389314,0.39592586899777055,0.3342433126685582,0.5948184264407157,0.3879577065394001,0.2080000753159776,0.37422279939424435,0.38997249893724467,0.8202781568571088,0.26398976111361194,0.7784319384935765,0.3623168006286981,0.5201816829513605,0.685554784832836,0.685554784832836,0.685554784832836,0.57659465061091,0.6799529859219742,0.768265112635871,0.8618081644487381,0.7798130475752063,0.9386699009725358,0.6981032894638257,0.6985120763544473,0.9038744395309515,0.9489876748863868,0.4943816613772207,1.0,0.7784263887058119,0.9800557740264199,0.7436673675486658,0.7598101542269764
benign/sol.exe.obj.codes.2gram,0.36977796911646527,0.2539996193211945,0.3654802009301275,0.4016868751528623,0.12075949780004189,0.16667898783644755,0.3190013416288584,0.9005512664723063,0.38100860245363155,0.2829590885651299,0.7242630661951495,0.36296655937009165,0.12558220403391018,0.2313183611441877,0.36613341954681494,0.8178343372607301,0.2122021099352135,0.868068555358108,0.3191919936067354,0.399850851042775,0.7292615469212279,0.7292615469212279,0.7292615469212279,0.580467349759056,0.7396978409025387,0.8658191535963644,0.5777090802854135,0.9409660826312662,0.7958671862542314,0.7370772418136147,0.7369282308529603,0.5292591127632322,0.7751868531118195,0.7410000786780586,0.7784263887058119,1.0,0.7969713989982495,0.7998090461577156,0.9466392411609496
benign/spider.exe.obj.codes.2gram,0.37632488319284896,0.33538205196125354,0.42933308608322757,0.6959739080155924,0.23660577107890662,0.24311440097966278,0.40633473476558246,0.8959825458928418,0.4270707387549515,0.3737225531208449,0.6278816506721484,0.42728949021980445,0.24067658942223263,0.4081482439303455,0.42973403023295365,0.8113156824055259,0.305566607807819,0.7684450322702115,0.40529058932714723,0.5569055925638202,0.7361134954441544,0.7361134954441544,0.7361134954441544,0.6118072676978665,0.7115401519458943,0.7812704574276361,0.8641654735617839,0.79256199591462,0.9382501855965578,0.7504826160838819,0.7506594440747156,0.900061829328377,0.9265921371682939,0.5125298096466848,0.9800557740264199,0.7969713989982495,1.0,0.7702544302548707,0.7757608272406873
benign/system86.dll.obj.codes.2gram,0.49704722958651404,0.22508177602059812,0.38488762550782624,0.5834409211273937,0.038947527452598725,0.09593968192775375,0.294867126078054,0.8715984601408843,0.41901426794589697,0.2134355912381609,0.7195605588772178,0.3817691437203692,0.04253742846889813,0.17395172132910797,0.38597011632038397,0.9031878294126895,0.14761441535025377,0.7728726296699123,0.29383146981524394,0.3584063842831736,0.842757751117857,0.842757751117857,0.842757751117857,0.7718249974830652,0.5947263037508417,0.8847431511029421,0.7665385737963682,0.7210085283884708,0.7004407800793739,0.6582231949620332,0.6581247297944508,0.5285029190186323,0.7568311701582664,0.4815877716970647,0.7436673675486658,0.7998090461577156,0.7702544302548707,1.0,0.702328753583208
benign/winmine.exe.obj.codes.2gram,0.2975302411991873,0.33028686493076514,0.3945728669969033,0.32840334367611657,0.21921335012751528,0.2706833504958857,0.3853693843133478,0.843848961379543,0.3893916048423518,0.3812940722952862,0.6938569677966043,0.3952996283558664,0.22383946971167598,0.3249006905504294,0.3948038274373673,0.7618888086213828,0.30595865221736906,0.8762637315273245,0.38909374386087553,0.47241383236149764,0.6980389291523728,0.6980389291523728,0.6980389291523728,0.4652720815610814,0.7715091828428062,0.7956602023033579,0.4993248154392053,0.9607959170762265,0.7899474154726005,0.7834493071101951,0.7832643483561004,0.5472254232518499,0.7459998819556737,0.7317650384711458,0.7598101542269764,0.9466392411609496,0.7757608272406873,0.702328753583208,1.0
