,viruses/zeusbin_0007d213acc8f79cdca26922a89b13ee.ex0.5gram,viruses/zeusbin_000a10bb968d37acaf37adf02c283c69.ex0.5gram,viruses/zeusbin_001a1d5714890cf7459bd1bff933d66d.ex0.5gram,viruses/zeusbin_00240863a67bb6a001bf11aa87a1d76e.ex0.5gram,viruses/zeusbin_00316307ccc463f8f33705ca737ee0aa.ex0.5gram,viruses/zeusbin_0031f720e72378e3b296bdec306f455f.ex0.5gram,viruses/zeusbin_003638e5e37b0e8632091028f0eb93f7.ex0.5gram,viruses/zeusbin_0058e69caca82b347e18a936ed83bb16.ex0.5gram,viruses/zeusbin_0072ec3d530423696ee28d91942b7e00.ex0.5gram,viruses/zeusbin_009187c6b4221710917431cd6426bde8.ex0.5gram,viruses/zeusbin_0098319bfe124156dfe696fc013c824e.ex0.5gram,viruses/zeusbin_00a29b7607c5c2f57a802e78d28bb30a.ex0.5gram,viruses/zeusbin_00c0bbdd44807ef2a72cbe766144c8ec.ex0.5gram,viruses/zeusbin_00ccbfee974b790562c03e90126b10e8.ex0.5gram,viruses/zeusbin_00db699292b7f451718d91926f4eeee3.ex0.5gram,viruses/zeusbin_00de1e3e31fc5e36f64188a142bc5b55.ex0.5gram,viruses/zeusbin_011d839504328a86d019e43a34843019.ex0.5gram,viruses/zeusbin_012c9e0b967f74802531a9fd3e967214.ex0.5gram,viruses/zeusbin_014dbfe1c4ee3397747f307f3722e1e8.ex0.5gram,viruses/zeusbin_01513dd543b51cf9e94c88044f894d14.ex0.5gram,viruses_extra/CrawlerSetup-PTS2.exe.5gram,viruses_extra/CrawlerSetup-PTS3.exe.5gram,viruses_extra/CrawlerSetup-PTS4.exe.5gram,viruses_extra/CrawlerSetup-PTS.exe.5gram,viruses_extra/FilmSetup2.exe.5gram,viruses_extra/FilmSetup3.exe.5gram,viruses_extra/FilmSetup4.exe.5gram,viruses_extra/FilmSetup.exe.5gram,viruses_extra/PublicTransitSetup2.exe.5gram,viruses_extra/PublicTransitSetup.exe.5gram,benign/calc.exe.5gram,benign/cards.dll.5gram,benign/EMSABP32.DLL.5gram,benign/engine_x86.dll.5gram,benign/freecell.exe.5gram,benign/FXSEXT32.dll.5gram,benign/mshearts.exe.5gram,benign/mshearts.real.exe.5gram,benign/mspaint.exe.5gram,benign/PINBALL.EXE.5gram,benign/Run32.dll.5gram,benign/sndrec32.exe.5gram,benign/sol.exe.5gram,benign/spider.exe.5gram,benign/system86.dll.5gram,benign/winmine.exe.5gram
viruses/zeusbin_0007d213acc8f79cdca26922a89b13ee.ex0.5gram,1.0,0.9684803981255078,0.9800702682795391,0.9802790612838541,0.9064164966179016,0.9696028648958839,0.9760316217805949,0.9575245738183071,0.9801193895751968,0.9717390547512723,0.35927143869201406,0.9800630402314837,0.8658544375489543,0.9449341222281716,0.9800702918103631,0.9631957344263113,0.9593295581391001,0.969257864817381,0.9782945953571182,0.9444191150865076,0.908088332197266,0.908088332197266,0.908088332197266,0.908088332197266,0.920149368688611,0.920149368688611,0.920149368688611,0.920149368688611,0.9199131043361292,0.9199131043361292,0.9308692674153387,0.5087013517665635,0.9793711635904131,0.8090426375401686,0.9506255129999527,0.9747753032105632,0.9294315036138785,0.9140418388496225,0.9571247722191688,0.9706720113370186,0.9803017932014877,0.9539396769859014,0.9582929261523727,0.6526767471715558,0.9799559560800539,0.926554972230502
viruses/zeusbin_000a10bb968d37acaf37adf02c283c69.ex0.5gram,0.9684803981255078,1.0,0.9873611978507107,0.987571961646878,0.9131557130061508,0.9768554318705851,0.983269159999573,0.9644695009233422,0.987419620791216,0.9788801871873949,0.3618506554919111,0.9873639635306433,0.872284771299015,0.9517227701171684,0.9873612297280632,0.9703294341982752,0.9673345982331623,0.976404358259399,0.9855684666242303,0.9511798688511451,0.9146760464787684,0.9146760464787684,0.9146760464787684,0.9146760464787684,0.926824609195283,0.926824609195283,0.926824609195283,0.926824609195283,0.9265865584920387,0.9265865584920387,0.93782700750703,0.5125013539664511,0.9866452543013641,0.8149704906724919,0.9577838177735178,0.9819972439707366,0.9364786038528388,0.9209721288414212,0.9644581451686914,0.9779365997249686,0.9876200754028629,0.9610633725503089,0.9654052607308155,0.6575802132610475,0.9872266710261208,0.9335067953578755
viruses/zeusbin_001a1d5714890cf7459bd1bff933d66d.ex0.5gram,0.9800702682795391,0.9873611978507107,1.0,0.9995880777303526,0.9242916131328159,0.9886131624031951,0.9953038558331506,0.9757790268569273,0.9994164659461081,0.990602562647579,0.36616597244381666,0.9999876799376272,0.8829262904735886,0.9634287703648827,0.9999983892354727,0.9819110854293374,0.9778473199169639,0.9881027898490173,0.9975907685529494,0.9628509510790647,0.9254903848985643,0.9254903848985643,0.9254903848985643,0.9254903848985643,0.9377828354030304,0.9377828354030304,0.9377828354030304,0.9377828354030304,0.9375416177701841,0.9375416177701841,0.9488141328054182,0.5190198773646214,0.998581508135347,0.8248314447322455,0.968982677345156,0.9938133340843653,0.9475141527222629,0.9318161980267878,0.9758041174917976,0.9896422868533187,0.9994717102646602,0.9725136074875226,0.9769985858543989,0.6656299893036697,0.9991863928698449,0.9445397517110636
viruses/zeusbin_00240863a67bb6a001bf11aa87a1d76e.ex0.5gram,0.9802790612838541,0.987571961646878,0.9995880777303526,1.0,0.9244582778350828,0.9888319999675667,0.9954365690708323,0.9759935270538466,0.9996576975830487,0.9907529544942931,0.36622848433551347,0.9995757212695936,0.8830647335195511,0.9633984695735399,0.9995881429811685,0.9820726373319429,0.9780452398644163,0.9882561016407228,0.9977317037972699,0.9628205804208236,0.9256252147262528,0.9256252147262528,0.9256252147262528,0.9256252147262528,0.9379196526494118,0.9379196526494118,0.9379196526494118,0.9379196526494118,0.9376781440912307,0.9376781440912307,0.94885611881925,0.518925321932505,0.9987852531987992,0.8251794401412497,0.9690759420479366,0.9940289323952974,0.9476650283856987,0.9319496514863791,0.9759303779780564,0.989820548952571,0.9996934368016831,0.9726654242269481,0.977149150645295,0.6655249927320384,0.9994085347119048,0.9446753692619428
viruses/zeusbin_00316307ccc463f8f33705ca737ee0aa.ex0.5gram,0.9064164966179016,0.9131557130061508,0.9242916131328159,0.9244582778350828,1.0,0.914310602961609,0.9205666784877313,0.9026537551335061,0.9242840620966801,0.9162944911832879,0.3386573823009956,0.9242808849411961,0.9926471892102591,0.8913780135199658,0.9242915485650521,0.9173082350502687,0.9052488330651746,0.9224825696565312,0.9226753740601716,0.890844259808318,0.857274709548007,0.857274709548007,0.857274709548007,0.857274709548007,0.8686601919132703,0.8686601919132703,0.8686601919132703,0.8686601919132703,0.8684388420772362,0.8684388420772362,0.877567846570724,0.48006603413018567,0.9235412069148813,0.7649427103817577,0.8962661437223027,0.9192275529812856,0.876364480710502,0.8618534165471199,0.9027987429650273,0.9153524294428798,0.9243464879569201,0.9034188547971032,0.9036335346060449,0.6168486420101266,0.9240894854426484,0.8755493238424811
viruses/zeusbin_0031f720e72378e3b296bdec306f455f.ex0.5gram,0.9696028648958839,0.9768554318705851,0.9886131624031951,0.9888319999675667,0.914310602961609,1.0,0.9844921545769417,0.9655040728120613,0.9886810550626183,0.9801795616545479,0.3622518313854694,0.9886078457218888,0.8733815084475687,0.9528275773341195,0.9886132801727799,0.9714881618901592,0.9677281800084715,0.9776169308514266,0.9867741694700215,0.9522763204607045,0.9158224501567455,0.9158224501567455,0.9158224501567455,0.9158224501567455,0.9279875695988262,0.9279875695988262,0.9279875695988262,0.9279875695988262,0.927748658808041,0.927748658808041,0.9387699452330853,0.5131787389726525,0.9878857949362903,0.81581971142147,0.9588542721516653,0.9832603455273459,0.9376349655326872,0.9219077279231095,0.9653449779310322,0.9790453086770419,0.9887838981572236,0.9622295705858565,0.966599934471116,0.6583781993303579,0.9884613605655648,0.9346109522926294
viruses/zeusbin_003638e5e37b0e8632091028f0eb93f7.ex0.5gram,0.9760316217805949,0.983269159999573,0.9953038558331506,0.9954365690708323,0.9205666784877313,0.9844921545769417,1.0,0.972012465161148,0.9952285908256484,0.9867666041777706,0.3646993019274211,0.9952922081303526,0.8794407316023914,0.9603033711827922,0.99530381400134,0.9781034296636664,0.9737942735221539,0.9842639584755547,0.9979658509732772,0.9597230882660999,0.9218595857903288,0.9218595857903288,0.9218595857903288,0.9218595857903288,0.9341033639382278,0.9341033639382278,0.9341033639382278,0.9341033639382278,0.9338637435935144,0.9338637435935144,0.945333454175387,0.5176303160855259,0.9944659859525542,0.8225130297394789,0.965261080057158,0.9897944092363644,0.943762170632382,0.9281626436390363,0.9723402529859883,0.9857098117847651,0.9953135947727622,0.9687842012259208,0.9731128598911478,0.6633799178097118,0.9950376646626603,0.9408790709895952
viruses/zeusbin_0058e69caca82b347e18a936ed83bb16.ex0.5gram,0.9575245738183071,0.9644695009233422,0.9757790268569273,0.9759935270538466,0.9026537551335061,0.9655040728120613,0.972012465161148,1.0,0.9758439465665067,0.9694839765510557,0.3580472644770237,0.9758107228144581,0.8624133831533092,0.944707367858721,0.9757788467838652,0.961815869344708,0.9560884565363711,0.9670725294426629,0.9742444441976816,0.9441239757544523,0.9049867247037081,0.9049867247037081,0.9049867247037081,0.9049867247037081,0.9170037673705228,0.9170037673705228,0.9170037673705228,0.9170037673705228,0.9167700507613951,0.9167700507613951,0.9280953258629836,0.5182738175704348,0.9754013300607896,0.8554002162754719,0.9477264523334364,0.9748106076935296,0.9259312723865181,0.9106896025307336,0.9653590294988338,0.969482099959908,0.9760879394995569,0.9572554531304884,0.9549111839574591,0.6516468249076431,0.9761353739952796,0.9231329574359362
viruses/zeusbin_0072ec3d530423696ee28d91942b7e00.ex0.5gram,0.9801193895751968,0.987419620791216,0.9994164659461081,0.9996576975830487,0.9242840620966801,0.9886810550626183,0.9952285908256484,0.9758439465665067,1.0,0.990561238998753,0.3661614239403269,0.9994041177876007,0.8828881068822942,0.9630918953277259,0.999416511520566,0.9819050386054167,0.9778975191800281,0.9880686565810706,0.9975282275991142,0.9625189997937623,0.9254564968911704,0.9254564968911704,0.9254564968911704,0.9254564968911704,0.9377487217331183,0.9377487217331183,0.9377487217331183,0.9377487217331183,0.9375072492064599,0.9375072492064599,0.9486864983383873,0.51887077805086,0.9986267701703788,0.8251630069107395,0.9689026522534174,0.9938846106270174,0.9475020869445095,0.9317865768616884,0.9757759410840215,0.9896582423557727,0.9995397632314182,0.9725199792736792,0.9769858016734853,0.6654187617863917,0.999253708898815,0.9445142380001798
viruses/zeusbin_009187c6b4221710917431cd6426bde8.ex0.5gram,0.9717390547512723,0.9788801871873949,0.990602562647579,0.9907529544942931,0.9162944911832879,0.9801795616545479,0.9867666041777706,0.9694839765510557,0.990561238998753,1.0,0.3632752245397581,0.9905948061002512,0.8754258633495661,0.9615440109670291,0.990602524549454,0.9747584928721745,0.9695059394684332,0.9807840672347096,0.9890335848744254,0.9610393207109582,0.918471764935022,0.918471764935022,0.918471764935022,0.918471764935022,0.9306721163477909,0.9306721163477909,0.9306721163477909,0.9306721728931412,0.9304334906702393,0.9304335472849183,0.9423620220778586,0.5166943746040333,0.9900394595571874,0.8276292836191307,0.9620229239371034,0.9863388377823775,0.9401735973258961,0.9245197542888334,0.9710298175547666,0.9820553849964108,0.990816285079089,0.9663721566409215,0.969297094386724,0.6606468102068193,0.9905824749398626,0.9371830591492438
viruses/zeusbin_0098319bfe124156dfe696fc013c824e.ex0.5gram,0.35927143869201406,0.3618506554919111,0.36616597244381666,0.36622848433551347,0.3386573823009956,0.3622518313854694,0.3646993019274211,0.3580472644770237,0.3661614239403269,0.3632752245397581,1.0,0.36616318386025193,0.3235238108893983,0.3540479248309516,0.36616587028325537,0.3600516588472881,0.35840908599773186,0.36232770991961255,0.365536123531281,0.3538549861801025,0.3411757694005744,0.3411757694005744,0.3411757694005744,0.3411757694005744,0.34570522097834566,0.34570522097834566,0.34570522097834566,0.34570522097834566,0.34561821676936727,0.34561821676936727,0.34805919623321757,0.19008218295705986,0.36602619645919304,0.30285053181023613,0.3554249770430933,0.3642471030769532,0.347374661946756,0.34164857316117786,0.35783001555738614,0.3627926213967923,0.3662957757066176,0.35657380907023484,0.3581294266347161,0.24393258014619196,0.36616861919590643,0.3462860392309188
viruses/zeusbin_00a29b7607c5c2f57a802e78d28bb30a.ex0.5gram,0.9800630402314837,0.9873639635306433,0.9999876799376272,0.9995757212695936,0.9242808849411961,0.9886078457218888,0.9952922081303526,0.9758107228144581,0.9994041177876007,0.9905948061002512,0.36616318386025193,1.0,0.8829169290686097,0.9634249220647686,0.9999876911225037,0.9819156204466729,0.9779716635908976,0.9881006929543189,0.9975841012781868,0.9628476433672125,0.9254948894633833,0.9254948894633833,0.9254948894633833,0.9254948894633833,0.9377873943031763,0.9377873943031763,0.9377873943031763,0.9377873943031763,0.9375462049553233,0.9375462049553233,0.9488107340260329,0.5190398541769089,0.9985724771429625,0.8249374439952649,0.9689823647193548,0.9938157851249995,0.9475047656924058,0.9318080321971653,0.9758196427239623,0.9896379504855423,0.9994597436411489,0.9725291434356945,0.9769917281819767,0.6656284039529063,0.999176225568958,0.9445360777116302
viruses/zeusbin_00c0bbdd44807ef2a72cbe766144c8ec.ex0.5gram,0.8658544375489543,0.872284771299015,0.8829262904735886,0.8830647335195511,0.9926471892102591,0.8733815084475687,0.8794407316023914,0.8624133831533092,0.8828881068822942,0.8754258633495661,0.3235238108893983,0.8829169290686097,1.0,0.8518981726275806,0.8829263939219714,0.8788790834152918,0.8649791004997182,0.8837051681429029,0.8814480508030104,0.8513799719928665,0.8194005873958573,0.8194005873958573,0.8194005873958573,0.8194005873958573,0.8302827050685178,0.8302827050685178,0.8302827050685178,0.8302827050685178,0.8300733161196544,0.8300733161196544,0.8386881686316163,0.4593542952503596,0.882248337604467,0.7315823905599942,0.8565365518552538,0.8781945099530867,0.8372446087539813,0.8234436918865238,0.8628314109015679,0.8746133032847968,0.8829658934051998,0.8644194168788004,0.8633814160345676,0.5902756196137959,0.8827183166222546,0.8371849769853228
viruses/zeusbin_00ccbfee974b790562c03e90126b10e8.ex0.5gram,0.9449341222281716,0.9517227701171684,0.9634287703648827,0.9633984695735399,0.8913780135199658,0.9528275773341195,0.9603033711827922,0.944707367858721,0.9630918953277259,0.9615440109670291,0.3540479248309516,0.9634249220647686,0.8518981726275806,1.0,0.9634264200278022,0.9503902844791191,0.9424910738249814,0.9550094259609689,0.9624399685588766,0.9967032708317369,0.8931870439481465,0.8931870439481465,0.8931870439481465,0.8931870439481465,0.9050492036782861,0.9050492036782861,0.9050492036782861,0.9050492036782861,0.9048183072746491,0.9048183072746491,0.9188459110467233,0.5048342942867807,0.9628642564163328,0.8142824784715157,0.9362169233858281,0.959722421844887,0.9148186665121667,0.8996767301124738,0.9482050741806323,0.956301735931906,0.9635363280635616,0.9421525179170042,0.943730938860621,0.643328728921523,0.9633958046828542,0.9120416258739098
viruses/zeusbin_00db699292b7f451718d91926f4eeee3.ex0.5gram,0.9800702918103631,0.9873612297280632,0.9999983892354727,0.9995881429811685,0.9242915485650521,0.9886132801727799,0.99530381400134,0.9757788467838652,0.999416511520566,0.990602524549454,0.36616587028325537,0.9999876911225037,0.8829263939219714,0.9634264200278022,1.0,0.9819110821628746,0.977847258489398,0.9881029564571249,0.9975907249183992,0.9628488276915576,0.9254906106803238,0.9254906106803238,0.9254906106803238,0.9254906106803238,0.937783068539831,0.937783068539831,0.937783068539831,0.937783068539831,0.9375418556466145,0.9375418556466145,0.9488141738046916,0.5190199113707192,0.9985815464687887,0.8248314832444074,0.9689828681785679,0.9938134779464236,0.9475141703003429,0.9318161987405964,0.9758040529009847,0.9896427124424068,0.999471817883347,0.9725136449572147,0.9769987092889892,0.6656300245240907,0.9991863822025799,0.9445397901275489
viruses/zeusbin_00de1e3e31fc5e36f64188a142bc5b55.ex0.5gram,0.9631957344263113,0.9703294341982752,0.9819110854293374,0.9820726373319429,0.9173082350502687,0.9714881618901592,0.9781034296636664,0.961815869344708,0.9819050386054167,0.9747584928721745,0.3600516588472881,0.9819156204466729,0.8788790834152918,0.9503902844791191,0.9819110821628746,1.0,0.9613965468694472,0.9799286369678021,0.9803331920288393,0.9512611554601119,0.9136520487361698,0.9136520487361698,0.9136520487361698,0.9136520487361698,0.9256971808989475,0.9256971808989475,0.9256971808989475,0.9256971808989475,0.9253039303893784,0.9253039303893784,0.9347418861387206,0.5137972682906232,0.9816410955809285,0.8245514386003536,0.9538997518046939,0.9791125701429552,0.9320269534068353,0.917041461934861,0.9650076580068746,0.9747182186867192,0.9821112076520312,0.9616794353107327,0.9611690976408457,0.6565666142727054,0.9821716976045874,0.9293535273955656
viruses/zeusbin_011d839504328a86d019e43a34843019.ex0.5gram,0.9593295581391001,0.9673345982331623,0.9778473199169639,0.9780452398644163,0.9052488330651746,0.9677281800084715,0.9737942735221539,0.9560884565363711,0.9778975191800281,0.9695059394684332,0.35840908599773186,0.9779716635908976,0.8649791004997182,0.9424910738249814,0.977847258489398,0.9613965468694472,1.0,0.9672639466682333,0.9762090233768933,0.94194947245997,0.906396231007799,0.906396231007799,0.906396231007799,0.906396231007799,0.9184343597203466,0.9184343597203466,0.9184343597203466,0.9184343597203466,0.918199165862341,0.918199165862341,0.9288528562869008,0.5075516308808485,0.9772522537913713,0.8075745337576228,0.9489113079031144,0.9728011615486277,0.9275741029031448,0.9122450841875869,0.9553307721807889,0.9686117059486792,0.9781312951931879,0.952390839133518,0.9563104108062828,0.6513000350299383,0.9777659258817527,0.9248358750588147
viruses/zeusbin_012c9e0b967f74802531a9fd3e967214.ex0.5gram,0.969257864817381,0.976404358259399,0.9881027898490173,0.9882561016407228,0.9224825696565312,0.9776169308514266,0.9842639584755547,0.9670725294426629,0.9880686565810706,0.9807840672347096,0.36232770991961255,0.9881006929543189,0.8837051681429029,0.9550094259609689,0.9881029564571249,0.9799286369678021,0.9672639466682333,1.0,0.9865036559687222,0.9554575491167288,0.9192870528396877,0.9192870528396877,0.9192870528396877,0.9192870528396877,0.9314133060508647,0.9314133060508647,0.9314133060508647,0.9314133060508647,0.9310266655851454,0.9310266655851454,0.9405317012495282,0.5156811721686326,0.9878725260263354,0.8243476911363073,0.9602442490351976,0.9847272397140092,0.9378650646230975,0.9228887976684282,0.9694591472361895,0.9803550491451444,0.9882969554837224,0.9666127709033407,0.9671687785799667,0.6603324171430152,0.9882468464889483,0.9354207813203028
viruses/zeusbin_014dbfe1c4ee3397747f307f3722e1e8.ex0.5gram,0.9782945953571182,0.9855684666242303,0.9975907685529494,0.9977317037972699,0.9226753740601716,0.9867741694700215,0.9979658509732772,0.9742444441976816,0.9975282275991142,0.9890335848744254,0.365536123531281,0.9975841012781868,0.8814480508030104,0.9624399685588766,0.9975907249183992,0.9803331920288393,0.9762090233768933,0.9865036559687222,1.0,0.9618577138624012,0.9239880539997373,0.9239880539997373,0.9239880539997373,0.9239880539997373,0.9362601226567688,0.9362601226567688,0.9362601226567688,0.9362601226567688,0.9360199025990992,0.9360199025990992,0.9474749315981237,0.5186195533630836,0.9967594171757204,0.8241060523592516,0.9674660579531442,0.9920635963459706,0.9459286715785264,0.9302863533707281,0.9744809223098735,0.9879517674791127,0.997616099647397,0.9709902287266081,0.9753521979700942,0.6648440639409691,0.9973331922745249,0.9430427539530452
viruses/zeusbin_01513dd543b51cf9e94c88044f894d14.ex0.5gram,0.9444191150865076,0.9511798688511451,0.9628509510790647,0.9628205804208236,0.890844259808318,0.9522763204607045,0.9597230882660999,0.9441239757544523,0.9625189997937623,0.9610393207109582,0.3538549861801025,0.9628476433672125,0.8513799719928665,0.9967032708317369,0.9628488276915576,0.9512611554601119,0.94194947245997,0.9554575491167288,0.9618577138624012,1.0,0.892771219236533,0.892771219236533,0.892771219236533,0.892771219236533,0.904627885677297,0.904627885677297,0.904627885677297,0.904627885677297,0.9043972154236499,0.9043972154236499,0.9187746435641233,0.5042712891870836,0.9623244191879943,0.8125477064452798,0.9360001133148838,0.9595787512579677,0.9144432203316205,0.8993352081340177,0.9483557667555528,0.9562285341461224,0.9629537497315633,0.9425497031191538,0.9433491391243103,0.6432593472359772,0.962890946841258,0.9116043247397438
viruses_extra/CrawlerSetup-PTS2.exe.5gram,0.908088332197266,0.9146760464787684,0.9254903848985643,0.9256252147262528,0.857274709548007,0.9158224501567455,0.9218595857903288,0.9049867247037081,0.9254564968911704,0.918471764935022,0.3411757694005744,0.9254948894633833,0.8194005873958573,0.8931870439481465,0.9254906106803238,0.9136520487361698,0.906396231007799,0.9192870528396877,0.9239880539997373,0.892771219236533,1.0,0.9999974230564049,0.9999974230564049,0.9999974230564049,0.9125268030174809,0.9125268030174809,0.9125268030174809,0.9125268030174809,0.9120299895569336,0.9120299895569336,0.8823939738054799,0.4859109782642862,0.9252825244267185,0.7654084532192997,0.901389988634472,0.9227573044664956,0.8790400431014682,0.8649593484625199,0.9065829369558858,0.917359911103753,0.9257424488963703,0.9033556354728787,0.9068512651911427,0.6221370969292107,0.9255013680708458,0.877688835910848
viruses_extra/CrawlerSetup-PTS3.exe.5gram,0.908088332197266,0.9146760464787684,0.9254903848985643,0.9256252147262528,0.857274709548007,0.9158224501567455,0.9218595857903288,0.9049867247037081,0.9254564968911704,0.918471764935022,0.3411757694005744,0.9254948894633833,0.8194005873958573,0.8931870439481465,0.9254906106803238,0.9136520487361698,0.906396231007799,0.9192870528396877,0.9239880539997373,0.892771219236533,0.9999974230564049,1.0,0.9999974230564049,0.9999974230564049,0.9125268030174809,0.9125268030174809,0.9125268030174809,0.9125268030174809,0.9120299895569336,0.9120299895569336,0.8823939738054799,0.4859109782642862,0.9252825244267185,0.7654084532192997,0.901389988634472,0.9227573044664956,0.8790400431014682,0.8649593484625199,0.9065829369558858,0.917359911103753,0.9257424488963703,0.9033556354728787,0.9068512651911427,0.6221370969292107,0.9255013680708458,0.877688835910848
viruses_extra/CrawlerSetup-PTS4.exe.5gram,0.908088332197266,0.9146760464787684,0.9254903848985643,0.9256252147262528,0.857274709548007,0.9158224501567455,0.9218595857903288,0.9049867247037081,0.9254564968911704,0.918471764935022,0.3411757694005744,0.9254948894633833,0.8194005873958573,0.8931870439481465,0.9254906106803238,0.9136520487361698,0.906396231007799,0.9192870528396877,0.9239880539997373,0.892771219236533,0.9999974230564049,0.9999974230564049,1.0,0.9999974230564049,0.9125268030174809,0.9125268030174809,0.9125268030174809,0.9125268030174809,0.9120299895569336,0.9120299895569336,0.8823939738054799,0.4859109782642862,0.9252825244267185,0.7654084532192997,0.901389988634472,0.9227573044664956,0.8790400431014682,0.8649593484625199,0.9065829369558858,0.917359911103753,0.9257424488963703,0.9033556354728787,0.9068512651911427,0.6221370969292107,0.9255013680708458,0.877688835910848
viruses_extra/CrawlerSetup-PTS.exe.5gram,0.908088332197266,0.9146760464787684,0.9254903848985643,0.9256252147262528,0.857274709548007,0.9158224501567455,0.9218595857903288,0.9049867247037081,0.9254564968911704,0.918471764935022,0.3411757694005744,0.9254948894633833,0.8194005873958573,0.8931870439481465,0.9254906106803238,0.9136520487361698,0.906396231007799,0.9192870528396877,0.9239880539997373,0.892771219236533,0.9999974230564049,0.9999974230564049,0.9999974230564049,1.0,0.9125268030174809,0.9125268030174809,0.9125268030174809,0.9125268030174809,0.9120299895569336,0.9120299895569336,0.8823939738054799,0.4859109782642862,0.9252825244267185,0.7654084532192997,0.901389988634472,0.9227573044664956,0.8790400431014682,0.8649593484625199,0.9065829369558858,0.917359911103753,0.9257424488963703,0.9033556354728787,0.9068512651911427,0.6221370969292107,0.9255013680708458,0.877688835910848
viruses_extra/FilmSetup2.exe.5gram,0.920149368688611,0.926824609195283,0.9377828354030304,0.9379196526494118,0.8686601919132703,0.9279875695988262,0.9341033639382278,0.9170037673705228,0.9377487217331183,0.9306721163477909,0.34570522097834566,0.9377873943031763,0.8302827050685178,0.9050492036782861,0.937783068539831,0.9256971808989475,0.9184343597203466,0.9314133060508647,0.9362601226567688,0.904627885677297,0.9125268030174809,0.9125268030174809,0.9125268030174809,0.9125268030174809,1.0,0.9999973586248291,0.9999973586248291,0.9999973586248291,0.9239618704502939,0.9239618704502939,0.8941099807821834,0.4923603578029265,0.9375721162936165,0.7755730904301875,0.9133566294817116,0.9350135814928808,0.8907141451479729,0.8764438412704137,0.9186161331591883,0.9295430029296584,0.9380384864363192,0.9153175153094136,0.9188943217737502,0.6303830897507082,0.937789653480229,0.8893438423999384
viruses_extra/FilmSetup3.exe.5gram,0.920149368688611,0.926824609195283,0.9377828354030304,0.9379196526494118,0.8686601919132703,0.9279875695988262,0.9341033639382278,0.9170037673705228,0.9377487217331183,0.9306721163477909,0.34570522097834566,0.9377873943031763,0.8302827050685178,0.9050492036782861,0.937783068539831,0.9256971808989475,0.9184343597203466,0.9314133060508647,0.9362601226567688,0.904627885677297,0.9125268030174809,0.9125268030174809,0.9125268030174809,0.9125268030174809,0.9999973586248291,1.0,0.9999973586248291,0.9999973586248291,0.9239618704502939,0.9239618704502939,0.8941100079303992,0.4923603578029265,0.9375721162936165,0.7755730904301875,0.9133566294817116,0.9350135814928808,0.8907141451479729,0.8764438412704137,0.9186161331591883,0.9295430029296584,0.9380384864363192,0.9153175153094136,0.9188943217737502,0.6303830897507082,0.937789653480229,0.8893438423999384
viruses_extra/FilmSetup4.exe.5gram,0.920149368688611,0.926824609195283,0.9377828354030304,0.9379196526494118,0.8686601919132703,0.9279875695988262,0.9341033639382278,0.9170037673705228,0.9377487217331183,0.9306721163477909,0.34570522097834566,0.9377873943031763,0.8302827050685178,0.9050492036782861,0.937783068539831,0.9256971808989475,0.9184343597203466,0.9314133060508647,0.9362601226567688,0.904627885677297,0.9125268030174809,0.9125268030174809,0.9125268030174809,0.9125268030174809,0.9999973586248291,0.9999973586248291,1.0,0.9999973586248291,0.9239618704502939,0.9239618704502939,0.8941099807821834,0.4923603578029265,0.9375721162936165,0.7755730904301875,0.9133566294817116,0.9350135814928808,0.8907141451479729,0.8764438412704137,0.9186161331591883,0.9295430029296584,0.9380384864363192,0.9153175153094136,0.9188943217737502,0.6303830897507082,0.937789653480229,0.8893438423999384
viruses_extra/FilmSetup.exe.5gram,0.920149368688611,0.926824609195283,0.9377828354030304,0.9379196526494118,0.8686601919132703,0.9279875695988262,0.9341033639382278,0.9170037673705228,0.9377487217331183,0.9306721728931412,0.34570522097834566,0.9377873943031763,0.8302827050685178,0.9050492036782861,0.937783068539831,0.9256971808989475,0.9184343597203466,0.9314133060508647,0.9362601226567688,0.904627885677297,0.9125268030174809,0.9125268030174809,0.9125268030174809,0.9125268030174809,0.9999973586248291,0.9999973586248291,0.9999973586248291,1.0,0.9239618704502939,0.9239618704502939,0.8941099807821834,0.4923603578029265,0.9375721162936165,0.7755730904301875,0.9133566294817116,0.9350135814928808,0.8907141451479729,0.8764438412704137,0.9186161331591883,0.9295430029296584,0.9380384864363192,0.9153175153094136,0.9188943217737502,0.6303830897507082,0.937789653480229,0.8893438423999384
viruses_extra/PublicTransitSetup2.exe.5gram,0.9199131043361292,0.9265865584920387,0.9375416177701841,0.9376781440912307,0.8684388420772362,0.927748658808041,0.9338637435935144,0.9167700507613951,0.9375072492064599,0.9304334906702393,0.34561821676936727,0.9375462049553233,0.8300733161196544,0.9048183072746491,0.9375418556466145,0.9253039303893784,0.918199165862341,0.9310266655851454,0.9360199025990992,0.9043972154236499,0.9120299895569336,0.9120299895569336,0.9120299895569336,0.9120299895569336,0.9239618704502939,0.9239618704502939,0.9239618704502939,0.9239618704502939,1.0,0.9999973521438104,0.8938926536610401,0.4922418700810908,0.9373370915478023,0.775376058609184,0.9131374716849787,0.934776426726653,0.8904863052969982,0.8762227276725373,0.9183824652435729,0.9293124363702343,0.937797234648653,0.9150238698702573,0.9186677226813592,0.6302078080487628,0.9375394530549805,0.8891230711316129
viruses_extra/PublicTransitSetup.exe.5gram,0.9199131043361292,0.9265865584920387,0.9375416177701841,0.9376781440912307,0.8684388420772362,0.927748658808041,0.9338637435935144,0.9167700507613951,0.9375072492064599,0.9304335472849183,0.34561821676936727,0.9375462049553233,0.8300733161196544,0.9048183072746491,0.9375418556466145,0.9253039303893784,0.918199165862341,0.9310266655851454,0.9360199025990992,0.9043972154236499,0.9120299895569336,0.9120299895569336,0.9120299895569336,0.9120299895569336,0.9239618704502939,0.9239618704502939,0.9239618704502939,0.9239618704502939,0.9999973521438104,1.0,0.8938926808425416,0.4922418700810908,0.9373370915478023,0.775376058609184,0.9131374716849787,0.934776426726653,0.8904863052969982,0.8762227276725373,0.9183824652435729,0.9293124363702343,0.937797234648653,0.9150238698702573,0.9186677226813592,0.6302078080487628,0.9375394530549805,0.8891230711316129
benign/calc.exe.5gram,0.9308692674153387,0.93782700750703,0.9488141328054182,0.94885611881925,0.877567846570724,0.9387699452330853,0.945333454175387,0.9280953258629836,0.9486864983383873,0.9423620220778586,0.34805919623321757,0.9488107340260329,0.8386881686316163,0.9188459110467233,0.9488141738046916,0.9347418861387206,0.9288528562869008,0.9405317012495282,0.9474749315981237,0.9187746435641233,0.8823939738054799,0.8823939738054799,0.8823939738054799,0.8823939738054799,0.8941099807821834,0.8941100079303992,0.8941099807821834,0.8941099807821834,0.8938926536610401,0.8938926808425416,1.0,0.5942432981323769,0.9488800661338963,0.7881599662422296,0.9325619477490475,0.9462115677588142,0.9031575255011335,0.8888501280314892,0.9417040178087638,0.9426006434893467,0.9490612941636961,0.9334977653785774,0.9356063006430232,0.7232311875034452,0.948993987508329,0.9078643512912288
benign/cards.dll.5gram,0.5087013517665635,0.5125013539664511,0.5190198773646214,0.518925321932505,0.48006603413018567,0.5131787389726525,0.5176303160855259,0.5182738175704348,0.51887077805086,0.5166943746040333,0.19008218295705986,0.5190398541769089,0.4593542952503596,0.5048342942867807,0.5190199113707192,0.5137972682906232,0.5075516308808485,0.5156811721686326,0.5186195533630836,0.5042712891870836,0.4859109782642862,0.4859109782642862,0.4859109782642862,0.4859109782642862,0.4923603578029265,0.4923603578029265,0.4923603578029265,0.4923603578029265,0.4922418700810908,0.4922418700810908,0.5942432981323769,1.0,0.5183632427181145,0.5051037269243399,0.5316203499266203,0.5289449136710566,0.49612102145566517,0.4885761727474515,0.5723511886681243,0.5190879941188647,0.5187612897371486,0.5474800079500485,0.5276461687891938,0.8024292831544592,0.519218810251311,0.5299264352723595
benign/EMSABP32.DLL.5gram,0.9793711635904131,0.9866452543013641,0.998581508135347,0.9987852531987992,0.9235412069148813,0.9878857949362903,0.9944659859525542,0.9754013300607896,0.9986267701703788,0.9900394595571874,0.36602619645919304,0.9985724771429625,0.882248337604467,0.9628642564163328,0.9985815464687887,0.9816410955809285,0.9772522537913713,0.9878725260263354,0.9967594171757204,0.9623244191879943,0.9252825244267185,0.9252825244267185,0.9252825244267185,0.9252825244267185,0.9375721162936165,0.9375721162936165,0.9375721162936165,0.9375721162936165,0.9373370915478023,0.9373370915478023,0.9488800661338963,0.5183632427181145,1.0,0.8249232216195781,0.9689038486315118,0.9933614390579125,0.9470722875171759,0.931632107066448,0.9758329168149917,0.9891071331221188,0.9987228086925255,0.9725226897065135,0.976649311380021,0.6651238635448034,0.99852603063285,0.9442014858385757
benign/engine_x86.dll.5gram,0.8090426375401686,0.8149704906724919,0.8248314447322455,0.8251794401412497,0.7649427103817577,0.81581971142147,0.8225130297394789,0.8554002162754719,0.8251630069107395,0.8276292836191307,0.30285053181023613,0.8249374439952649,0.7315823905599942,0.8142824784715157,0.8248314832444074,0.8245514386003536,0.8075745337576228,0.8243476911363073,0.8241060523592516,0.8125477064452798,0.7654084532192997,0.7654084532192997,0.7654084532192997,0.7654084532192997,0.7755730904301875,0.7755730904301875,0.7755730904301875,0.7755730904301875,0.775376058609184,0.775376058609184,0.7881599662422296,0.5051037269243399,0.8249232216195781,1.0,0.8012458953769126,0.8441679978930292,0.7834356935624898,0.7705598480644911,0.8785558579763528,0.834210165561716,0.824889861780914,0.8420816748669395,0.8080219504585056,0.5626695933970483,0.8267143611005805,0.780638143020411
benign/freecell.exe.5gram,0.9506255129999527,0.9577838177735178,0.968982677345156,0.9690759420479366,0.8962661437223027,0.9588542721516653,0.965261080057158,0.9477264523334364,0.9689026522534174,0.9620229239371034,0.3554249770430933,0.9689823647193548,0.8565365518552538,0.9362169233858281,0.9689828681785679,0.9538997518046939,0.9489113079031144,0.9602442490351976,0.9674660579531442,0.9360001133148838,0.901389988634472,0.901389988634472,0.901389988634472,0.901389988634472,0.9133566294817116,0.9133566294817116,0.9133566294817116,0.9133566294817116,0.9131374716849787,0.9131374716849787,0.9325619477490475,0.5316203499266203,0.9689038486315118,0.8012458953769126,1.0,0.9654613613830272,0.9214771102982996,0.9072012526932157,0.9533889013047665,0.9618428100363852,0.9692605192533137,0.9487062558086657,0.9721001255355962,0.6726486795235102,0.9689241290153677,0.9235631266979424
benign/FXSEXT32.dll.5gram,0.9747753032105632,0.9819972439707366,0.9938133340843653,0.9940289323952974,0.9192275529812856,0.9832603455273459,0.9897944092363644,0.9748106076935296,0.9938846106270174,0.9863388377823775,0.3642471030769532,0.9938157851249995,0.8781945099530867,0.959722421844887,0.9938134779464236,0.9791125701429552,0.9728011615486277,0.9847272397140092,0.9920635963459706,0.9595787512579677,0.9227573044664956,0.9227573044664956,0.9227573044664956,0.9227573044664956,0.9350135814928808,0.9350135814928808,0.9350135814928808,0.9350135814928808,0.934776426726653,0.934776426726653,0.9462115677588142,0.5289449136710566,0.9933614390579125,0.8441679978930292,0.9654613613830272,1.0,0.9427362132997636,0.9273680446947625,0.9815702657096657,0.9883163926232819,0.9939694564361119,0.9765760900200767,0.9726829133503647,0.6703812556888749,0.9938608816560353,0.9407829104490482
benign/mshearts.exe.5gram,0.9294315036138785,0.9364786038528388,0.9475141527222629,0.9476650283856987,0.876364480710502,0.9376349655326872,0.943762170632382,0.9259312723865181,0.9475020869445095,0.9401735973258961,0.347374661946756,0.9475047656924058,0.8372446087539813,0.9148186665121667,0.9475141703003429,0.9320269534068353,0.9275741029031448,0.9378650646230975,0.9459286715785264,0.9144432203316205,0.8790400431014682,0.8790400431014682,0.8790400431014682,0.8790400431014682,0.8907141451479729,0.8907141451479729,0.8907141451479729,0.8907141451479729,0.8904863052969982,0.8904863052969982,0.9031575255011335,0.49612102145566517,0.9470722875171759,0.7834356935624898,0.9214771102982996,0.9427362132997636,1.0,0.9985208884377523,0.9292108642173567,0.9394817053093889,0.9477346984256181,0.924018657283563,0.9277290681950895,0.6984240593661937,0.9475550401547572,0.9350331926200071
benign/mshearts.real.exe.5gram,0.9140418388496225,0.9209721288414212,0.9318161980267878,0.9319496514863791,0.8618534165471199,0.9219077279231095,0.9281626436390363,0.9106896025307336,0.9317865768616884,0.9245197542888334,0.34164857316117786,0.9318080321971653,0.8234436918865238,0.8996767301124738,0.9318161987405964,0.917041461934861,0.9122450841875869,0.9228887976684282,0.9302863533707281,0.8993352081340177,0.8649593484625199,0.8649593484625199,0.8649593484625199,0.8649593484625199,0.8764438412704137,0.8764438412704137,0.8764438412704137,0.8764438412704137,0.8762227276725373,0.8762227276725373,0.8888501280314892,0.4885761727474515,0.931632107066448,0.7705598480644911,0.9072012526932157,0.9273680446947625,0.9985208884377523,1.0,0.9149558056454645,0.9243004092065481,0.9320276234888178,0.9096160479691362,0.9128390655008436,0.6972522907873923,0.9318818384453147,0.9258869754660255
benign/mspaint.exe.5gram,0.9571247722191688,0.9644581451686914,0.9758041174917976,0.9759303779780564,0.9027987429650273,0.9653449779310322,0.9723402529859883,0.9653590294988338,0.9757759410840215,0.9710298175547666,0.35783001555738614,0.9758196427239623,0.8628314109015679,0.9482050741806323,0.9758040529009847,0.9650076580068746,0.9553307721807889,0.9694591472361895,0.9744809223098735,0.9483557667555528,0.9065829369558858,0.9065829369558858,0.9065829369558858,0.9065829369558858,0.9186161331591883,0.9186161331591883,0.9186161331591883,0.9186161331591883,0.9183824652435729,0.9183824652435729,0.9417040178087638,0.5723511886681243,0.9758329168149917,0.8785558579763528,0.9533889013047665,0.9815702657096657,0.9292108642173567,0.9149558056454645,1.0,0.9767544973330461,0.9758955787945885,0.9754985982036048,0.9586128711936311,0.6986627049734183,0.9762826454686804,0.9301068407315544
benign/PINBALL.EXE.5gram,0.9706720113370186,0.9779365997249686,0.9896422868533187,0.989820548952571,0.9153524294428798,0.9790453086770419,0.9857098117847651,0.969482099959908,0.9896582423557727,0.9820553849964108,0.3627926213967923,0.9896379504855423,0.8746133032847968,0.956301735931906,0.9896427124424068,0.9747182186867192,0.9686117059486792,0.9803550491451444,0.9879517674791127,0.9562285341461224,0.917359911103753,0.917359911103753,0.917359911103753,0.917359911103753,0.9295430029296584,0.9295430029296584,0.9295430029296584,0.9295430029296584,0.9293124363702343,0.9293124363702343,0.9426006434893467,0.5190879941188647,0.9891071331221188,0.834210165561716,0.9618428100363852,0.9883163926232819,0.9394817053093889,0.9243004092065481,0.9767544973330461,1.0,0.9899131124406575,0.9728757937979593,0.9688104223346862,0.6635955580681957,0.9896424048263311,0.9379185157082569
benign/Run32.dll.5gram,0.9803017932014877,0.9876200754028629,0.9994717102646602,0.9996934368016831,0.9243464879569201,0.9887838981572236,0.9953135947727622,0.9760879394995569,0.9995397632314182,0.990816285079089,0.3662957757066176,0.9994597436411489,0.8829658934051998,0.9635363280635616,0.999471817883347,0.9821112076520312,0.9781312951931879,0.9882969554837224,0.997616099647397,0.9629537497315633,0.9257424488963703,0.9257424488963703,0.9257424488963703,0.9257424488963703,0.9380384864363192,0.9380384864363192,0.9380384864363192,0.9380384864363192,0.937797234648653,0.937797234648653,0.9490612941636961,0.5187612897371486,0.9987228086925255,0.824889861780914,0.9692605192533137,0.9939694564361119,0.9477346984256181,0.9320276234888178,0.9758955787945885,0.9899131124406575,1.0,0.972664902686107,0.9771950324659014,0.6655304647195331,0.9993296909839153,0.9448158890455431
benign/sndrec32.exe.5gram,0.9539396769859014,0.9610633725503089,0.9725136074875226,0.9726654242269481,0.9034188547971032,0.9622295705858565,0.9687842012259208,0.9572554531304884,0.9725199792736792,0.9663721566409215,0.35657380907023484,0.9725291434356945,0.8644194168788004,0.9421525179170042,0.9725136449572147,0.9616794353107327,0.952390839133518,0.9666127709033407,0.9709902287266081,0.9425497031191538,0.9033556354728787,0.9033556354728787,0.9033556354728787,0.9033556354728787,0.9153175153094136,0.9153175153094136,0.9153175153094136,0.9153175153094136,0.9150238698702573,0.9150238698702573,0.9334977653785774,0.5474800079500485,0.9725226897065135,0.8420816748669395,0.9487062558086657,0.9765760900200767,0.924018657283563,0.9096160479691362,0.9754985982036048,0.9728757937979593,0.972664902686107,1.0,0.9540601250714046,0.6824920323749454,0.9727592592580115,0.9289825012290575
benign/sol.exe.5gram,0.9582929261523727,0.9654052607308155,0.9769985858543989,0.977149150645295,0.9036335346060449,0.966599934471116,0.9731128598911478,0.9549111839574591,0.9769858016734853,0.969297094386724,0.3581294266347161,0.9769917281819767,0.8633814160345676,0.943730938860621,0.9769987092889892,0.9611690976408457,0.9563104108062828,0.9671687785799667,0.9753521979700942,0.9433491391243103,0.9068512651911427,0.9068512651911427,0.9068512651911427,0.9068512651911427,0.9188943217737502,0.9188943217737502,0.9188943217737502,0.9188943217737502,0.9186677226813592,0.9186677226813592,0.9356063006430232,0.5276461687891938,0.976649311380021,0.8080219504585056,0.9721001255355962,0.9726829133503647,0.9277290681950895,0.9128390655008436,0.9586128711936311,0.9688104223346862,0.9771950324659014,0.9540601250714046,1.0,0.6693200819531988,0.9769514045888734,0.9278287184501375
benign/spider.exe.5gram,0.6526767471715558,0.6575802132610475,0.6656299893036697,0.6655249927320384,0.6168486420101266,0.6583781993303579,0.6633799178097118,0.6516468249076431,0.6654187617863917,0.6606468102068193,0.24393258014619196,0.6656284039529063,0.5902756196137959,0.643328728921523,0.6656300245240907,0.6565666142727054,0.6513000350299383,0.6603324171430152,0.6648440639409691,0.6432593472359772,0.6221370969292107,0.6221370969292107,0.6221370969292107,0.6221370969292107,0.6303830897507082,0.6303830897507082,0.6303830897507082,0.6303830897507082,0.6302078080487628,0.6302078080487628,0.7232311875034452,0.8024292831544592,0.6651238635448034,0.5626695933970483,0.6726486795235102,0.6703812556888749,0.6984240593661937,0.6972522907873923,0.6986627049734183,0.6635955580681957,0.6655304647195331,0.6824920323749454,0.6693200819531988,1.0,0.6656274028310352,0.6993111472775921
benign/system86.dll.5gram,0.9799559560800539,0.9872266710261208,0.9991863928698449,0.9994085347119048,0.9240894854426484,0.9884613605655648,0.9950376646626603,0.9761353739952796,0.999253708898815,0.9905824749398626,0.36616861919590643,0.999176225568958,0.8827183166222546,0.9633958046828542,0.9991863822025799,0.9821716976045874,0.9777659258817527,0.9882468464889483,0.9973331922745249,0.962890946841258,0.9255013680708458,0.9255013680708458,0.9255013680708458,0.9255013680708458,0.937789653480229,0.937789653480229,0.937789653480229,0.937789653480229,0.9375394530549805,0.9375394530549805,0.948993987508329,0.519218810251311,0.99852603063285,0.8267143611005805,0.9689241290153677,0.9938608816560353,0.9475550401547572,0.9318818384453147,0.9762826454686804,0.9896424048263311,0.9993296909839153,0.9727592592580115,0.9769514045888734,0.6656274028310352,1.0,0.9444570378784212
benign/winmine.exe.5gram,0.926554972230502,0.9335067953578755,0.9445397517110636,0.9446753692619428,0.8755493238424811,0.9346109522926294,0.9408790709895952,0.9231329574359362,0.9445142380001798,0.9371830591492438,0.3462860392309188,0.9445360777116302,0.8371849769853228,0.9120416258739098,0.9445397901275489,0.9293535273955656,0.9248358750588147,0.9354207813203028,0.9430427539530452,0.9116043247397438,0.877688835910848,0.877688835910848,0.877688835910848,0.877688835910848,0.8893438423999384,0.8893438423999384,0.8893438423999384,0.8893438423999384,0.8891230711316129,0.8891230711316129,0.9078643512912288,0.5299264352723595,0.9442014858385757,0.780638143020411,0.9235631266979424,0.9407829104490482,0.9350331926200071,0.9258869754660255,0.9301068407315544,0.9379185157082569,0.9448158890455431,0.9289825012290575,0.9278287184501375,0.6993111472775921,0.9444570378784212,1.0
